Name,URL,Discovery
"Twenty Twenty-Four &#8211; Twenty Twenty-Four is designed to be flexible, versatile and applicable to any website.",http://wp-themes.com,"Single Page Import"
"The new Gutenberg editing experience &#8211; WordPress.org",https://wordpress.org/gutenberg/,"Single Page Import"
Unknown,https://wordpress.github.io/wordpress-playground/,"Sitemap Import"
"Browse Happy",https://browsehappy.com,"Single Page Import"
Unknown,https://irclogs.wordpress.org,"Single Page Import"
"WordPress Swag Store &#8211; Cool gear to show your WordPress pride!",https://mercantile.wordpress.org,"Single Page Import"
"Twenty Twenty-Four &#8211; Twenty Twenty-Four is designed to be flexible, versatile and applicable to any website.",http://wp-themes.com,"Single Page Import"
"WordPress Playground",https://playground.wordpress.net,"Single Page Import"
gutenberg.run,http://gutenberg.run,"Single Page Import"
"do_action: Using WordPress for good",https://doaction.org,"Sitemap Import"
"WordPress Jobs | WordPress related Job Postings",https://jobs.wordpress.net,"Sitemap Import"
"WordCamp Central &#8211; WordCamp is a conference that focuses on everything WordPress.",https://central.wordcamp.org,"Single Page Import"
"WordPress.tv &#8211; Engage Yourself with WordPress.tv",https://wordpress.tv,"Sitemap Import"
"Blog Tool, Publishing Platform, and CMS &#124; WordPress.org Afrikaans",https://af.wordpress.org,"Single Page Import"
"Afrikaans Support Forums &#8211; WordPress.org Afrikaans",https://af.wordpress.org/support,"Single Page Import"
"Afrikaanse Span &#8211; WordPress.org Afrikaans",https://af.wordpress.org/team,"Single Page Import"
"Blog Tool, Publishing Platform, and CMS &#8211; WordPress.org",https://ak.wordpress.org,"Single Page Import"
"Blog Tool, Publishing Platform, and CMS &#8211; WordPress.org",https://ak.wordpress.org/support,"Single Page Import"
"Blog Tool, Publishing Platform, and CMS &#124; WordPress.org áŠ áˆ›áˆ­áŠ›",https://am.wordpress.org,"Single Page Import"
"áŠ áˆ›áˆ­áŠ› &#8211; WordPress.org áŠ áˆ›áˆ­áŠ›",https://am.wordpress.org/support,"Single Page Import"
"Blog Tool, Publishing Platform, and CMS &#8211; WordPress.org",https://an.wordpress.org,"Single Page Import"
"Blog Tool, Publishing Platform, and CMS &#8211; WordPress.org",https://an.wordpress.org/support,"Single Page Import"
"REST API Handbook | Developer.WordPress.org",https://api.wordpress.org,"Single Page Import"
"WordPress.com Apps -   Mobile Apps",https://apps.wordpress.org,"Sitemap Import"
"Ø£Ø¯Ø§Ø© ØªØ¯ÙˆÙŠÙ†ØŒ Ù…Ù†ØµØ© Ù†Ø´Ø±ØŒ ÙˆÙ†Ø¸Ø§Ù… Ø¥Ø¯Ø§Ø±Ø© Ù…Ø­ØªÙˆÙ‰ (CMS) &#124; WordPress.org Ø§Ù„Ø¹Ø±Ø¨ÙŠØ©",https://ar.wordpress.org,"Single Page Import"
"Ø§Ù„Ø¹Ø±Ø¨ÙŠØ© Support Forums &#8211; WordPress.org Ø§Ù„Ø¹Ø±Ø¨ÙŠØ©",https://ar.wordpress.org/support,"Single Page Import"
"Arabic Team Ø§Ù„ÙØ±ÙŠÙ‚ Ø§Ù„Ø¹Ø±Ø¨ÙŠ &#8211; ÙØ±ÙŠÙ‚ ÙˆÙˆØ±Ø¯Ø¨Ø±ÙŠØ³ Ø§Ù„Ø¹Ø±Ø¨ÙŠØ© &#8211; WordPress.org Ø§Ù„Ø¹Ø±Ø¨ÙŠØ©",https://ar.wordpress.org/team,"Single Page Import"
"Blog Tool, Publishing Platform, and CMS &#124; WordPress.org Aragonese",https://arg.wordpress.org,"Single Page Import"
"Blog Tool, Publishing Platform, and CMS &#124; WordPress.org Ø§Ù„Ø¯Ø§Ø±Ø¬Ø© Ø§Ù„Ø¬Ø²Ø§ÙŠØ±ÙŠØ©",https://arq.wordpress.org,"Single Page Import"
"Ø§Ù„Ø¯Ø§Ø±Ø¬Ø© Ø§Ù„Ø¬Ø²Ø§ÙŠØ±ÙŠØ© Support Forums &#8211; WordPress.org Ø§Ù„Ø¯Ø§Ø±Ø¬Ø© Ø§Ù„Ø¬Ø²Ø§ÙŠØ±ÙŠØ©",https://arq.wordpress.org/support,"Single Page Import"
"Blog Tool, Publishing Platform, and CMS &#124; WordPress.org Ø§Ù„Ø¹Ø±Ø¨ÙŠØ© Ø§Ù„Ù…ØºØ±Ø¨ÙŠØ©",https://ary.wordpress.org,"Single Page Import"
"Ø§Ù„Ø¹Ø±Ø¨ÙŠØ© Ø§Ù„Ù…ØºØ±Ø¨ÙŠØ© Support Forums &#8211; WordPress.org Ø§Ù„Ø¹Ø±Ø¨ÙŠØ© Ø§Ù„Ù…ØºØ±Ø¨ÙŠØ©",https://ary.wordpress.org/support,"Single Page Import"
"ÙØ±ÙŠÙ‚ ÙˆÙˆØ±Ø¯Ø¨Ø±ÙŠØ³ Ø§Ù„Ù…ØºØ±Ø¨ &#8211; WordPress.org Ø§Ù„Ø¹Ø±Ø¨ÙŠØ© Ø§Ù„Ù…ØºØ±Ø¨ÙŠØ©",https://ary.wordpress.org/team,"Single Page Import"
"à¦¬à§à¦²à¦— à¦¸à¦à¦œà§à¦²à¦¿, à¦ªà§à§°à¦•à¦¾à¦¶à¦¨ à¦ªà§à¦²à§‡à¦Ÿà¦«à§°à§à¦® à¦†à§°à§ CMS &#124; WordPress.org à¦…à¦¸à¦®à§€à¦¯à¦¼à¦¾",https://as.wordpress.org,"Single Page Import"
"Assamese Support Forums &#8211; WordPress.org à¦…à¦¸à¦®à§€à¦¯à¦¼à¦¾",https://as.wordpress.org/support,"Single Page Import"
"Ferramienta pa bloques, Plataforma d&#8217;espublizaciÃ³n y CMS &#124; WordPress.org Asturian",https://ast.wordpress.org,"Single Page Import"
"Asturian Support Forums &#8211; WordPress.org Asturian",https://ast.wordpress.org/support,"Single Page Import"
"Blog Tool, Publishing Platform, and CMS &#124; WordPress.org AzÉ™rbaycan TÃ¼rkcÉ™si",https://az-tr.wordpress.org,"Single Page Import"
"Turkish Azerbaijani Support Forums &#8211; WordPress.org AzÉ™rbaycan TÃ¼rkcÉ™si",https://az-tr.wordpress.org/support,"Single Page Import"
"Blog Tool, Publishing Platform, and CMS &#124; WordPress.org AzÉ™rbaycan dili",https://az.wordpress.org,"Single Page Import"
"Azerbaijani Support Forums &#8211; WordPress.org AzÉ™rbaycan dili",https://az.wordpress.org/support,"Single Page Import"
"AzÉ™rbaycan KomandasÄ± &#8211; WordPress.org AzÉ™rbaycan dili",https://az.wordpress.org/team,"Single Page Import"
"Blog Tool, Publishing Platform, and CMS &#124; WordPress.org ØªÙˆØ±Ú©Ø¬Ù‡",https://azb.wordpress.org,"Single Page Import"
"Ø¢Ø°Ø±Ø¨Ø§ÛŒØ¬Ø§Ù† ØªÙˆØ±Ú©Ø¬Ù‡â€ŒØ³ÛŒÙ†Ø¯Ù‡ ÙˆØ±Ø¯Ù¾Ø±Ø³ &#8211; ØªÙˆØ±Ú©Ø¬Ù‡ ÙˆØ±Ø¯Ù¾Ø±Ø³â€ŒØ¯Ù† ÛŒØ§Ø²ÛŒÙ†ØŒ Ù¾Ø§ÛŒÙ„Ø§Ø´ÛŒÙ† Ùˆ Ú¯ÙˆØ¬Ù„Ù‡â€ŒÙ†ÛŒÙ† &#8211; WordPress.org ØªÙˆØ±Ú©Ø¬Ù‡",https://azb.wordpress.org/team,"Single Page Import"
"Blog Tool, Publishing Platform, and CMS &#124; WordPress.org Catalan (Balear)",https://bal.wordpress.org,"Single Page Import"
"Blog Tool, Publishing Platform, and CMS &#124; WordPress.org Ø¨Ù„ÙˆÚ†ÛŒ",https://bcc.wordpress.org,"Single Page Import"
"Balochi Southern Support Forums &#8211; WordPress.org Ø¨Ù„ÙˆÚ†ÛŒ",https://bcc.wordpress.org/support,"Single Page Import"
"Blog Tool, Publishing Platform, and CMS &#124; WordPress.org Ğ‘ĞµĞ»Ğ°Ñ€ÑƒÑĞºĞ°Ñ Ğ¼Ğ¾Ğ²Ğ°",https://bel.wordpress.org,"Single Page Import"
"Belarusian Support Forums &#8211; WordPress.org Ğ‘ĞµĞ»Ğ°Ñ€ÑƒÑĞºĞ°Ñ Ğ¼Ğ¾Ğ²Ğ°",https://bel.wordpress.org/support,"Single Page Import"
"Blog Tool, Publishing Platform, and CMS &#124; WordPress.org Ğ‘ÑŠĞ»Ğ³Ğ°Ñ€Ğ¸Ñ",https://bg.wordpress.org,"Single Page Import"
"Ğ‘ÑŠĞ»Ğ³Ğ°Ñ€Ğ¸Ñ Support Forums &#8211; WordPress.org Ğ‘ÑŠĞ»Ğ³Ğ°Ñ€Ğ¸Ñ",https://bg.wordpress.org/support,"Single Page Import"
"WordPress Ğ‘ÑŠĞ»Ğ³Ğ°Ñ€Ğ¸Ñ &#8211; Ğ—Ğ¾Ğ½Ğ° Ğ·Ğ° Ğ´Ğ¸ÑĞºÑƒÑĞ¸Ğ¸, Ğ±ĞµĞ»ĞµĞ¶ĞºĞ¸ Ğ¾Ñ‚ ÑÑ€ĞµÑ‰Ğ¸ Ğ¸ Ğ¿Ñ€.",https://bg.wordpress.org/team,"Single Page Import"
"Blog Tool, Publishing Platform, and CMS &#124; WordPress.org à¤­à¥‹à¤œà¤ªà¥à¤°à¥€ ",https://bho.wordpress.org,"Single Page Import"
"Blog Tool, Publishing Platform, and CMS &#124; WordPress.org à¦¬à¦¾à¦‚à¦²à¦¾ (à¦­à¦¾à¦°à¦¤)",https://bn-in.wordpress.org,"Single Page Import"
"Team à¦¬à¦¾à¦‚à¦²à¦¾ (à¦­à¦¾à¦°à¦¤) &#8211; WordPress.org à¦¬à¦¾à¦‚à¦²à¦¾ (à¦­à¦¾à¦°à¦¤)",https://bn-in.wordpress.org/team,"Single Page Import"
"Blog Tool, Publishing Platform, and CMS &#124; WordPress.org à¦¬à¦¾à¦‚à¦²à¦¾",https://bn.wordpress.org,"Single Page Import"
"Bengali Support Forums &#8211; WordPress.org à¦¬à¦¾à¦‚à¦²à¦¾",https://bn.wordpress.org/support,"Single Page Import"
"Bengal Team &#8211; WordPress.org à¦¬à¦¾à¦‚à¦²à¦¾",https://bn.wordpress.org/team,"Single Page Import"
"à½”à½¼à½‘à¼‹à½à½´à½‚à¼‹à½–à½Ÿà½¼à¼‹à½†à½¦à¼ à½”à½¢à¼‹à½ à½‚à¾²à½ºà½˜à½¦à¼‹à½¦à¾Ÿà½ºà½‚à½¦à¼‹à½–à½´à¼‹à½‘à½„à¼‹à½“à½„à¼‹à½‘à½¼à½“à¼‹à½‘à½¼à¼‹à½‘à½˜à¼‹à½˜à¼‹à½£à½‚ (CMS) &#124; WordPress.org à½–à½¼à½‘à¼‹à½¡à½²à½‚",https://bo.wordpress.org,"Single Page Import"
"Tibetan Team &#8211; WordPress.org à½–à½¼à½‘à¼‹à½¡à½²à½‚",https://bo.wordpress.org/team,"Single Page Import"
"Ferramenta de blog, plataforma de publicaÃ§Ã£o e CMS &#124; WordPress.org Brasil",https://br.wordpress.org,"Single Page Import"
"FÃ³runs de suporte &#8211; WordPress.org Brasil",https://br.wordpress.org/support,"Single Page Import"
"Equipe Brasileira &#8211; Blog da equipe brasileira do WordPress",https://br.wordpress.org/team,"Single Page Import"
"Blog Tool, Publishing Platform, and CMS &#124; WordPress.org Brezhoneg",https://bre.wordpress.org,"Single Page Import"
"Breton Support Forums &#8211; WordPress.org Brezhoneg",https://bre.wordpress.org/support,"Single Page Import"
"Blog Tool, Publishing Platform, and CMS &#124; WordPress.org Bodo",https://brx.wordpress.org,"Single Page Import"
"Alat za blog, Platforma za izdavaÅ¡tvo, i CMS &#124; WordPress.org Bosanski",https://bs.wordpress.org,"Single Page Import"
"Bosanski Support Forums &#8211; WordPress.org Bosanski",https://bs.wordpress.org/support,"Single Page Import"
"Blog Tool, Publishing Platform, and CMS &#124; WordPress.org CatalÃ  (ValenciÃ )",https://ca-valencia.wordpress.org,"Single Page Import"
"CatalÃ  (ValenciÃ ) Team &#8211; WordPress.org CatalÃ  (ValenciÃ )",https://ca-valencia.wordpress.org/team,"Single Page Import"
"Eina de blog, plataforma de publicaciÃ³ i CMS &#8211; WordPress.org CatalÃ ",https://ca.wordpress.org,"Single Page Import"
"FÃ²rums de suport &#8211; WordPress.org CatalÃ ",https://ca.wordpress.org/support,"Single Page Import"
"Equip del WordPress en catalÃ ",https://ca.wordpress.org/team,"Single Page Import"
"Blog Tool, Publishing Platform, and CMS &#124; WordPress.org Cebuano",https://ceb.wordpress.org,"Single Page Import"
"Cebuano Support Forums &#8211; WordPress.org Cebuano",https://ceb.wordpress.org/support,"Single Page Import"
"Herramienta de Blog, Plataforma de PublicaciÃ³n, y CMS &#124; WordPress.org Chile",https://cl.wordpress.org,"Single Page Import"
"Spanish (Chile) Team &#8211; WordPress.org Chile",https://cl.wordpress.org/team,"Single Page Import"
"é€‚ç”¨äºåšå®¢åˆ°å¤§å‹ç½‘ç«™çš„ CMS (å†…å®¹ç®¡ç†ç³»ç»Ÿ) &#124; WordPress.org China ç®€ä½“ä¸­æ–‡",https://cn.wordpress.org,"Single Page Import"
"China ç®€ä½“ä¸­æ–‡æ”¯æŒè®ºå› &#8211; WordPress.org China ç®€ä½“ä¸­æ–‡",https://cn.wordpress.org/support,"Single Page Import"
"China ç®€ä½“ä¸­æ–‡æœ¬åœ°åŒ–å›¢é˜Ÿ &#8211; WordPress.org China ç®€ä½“ä¸­æ–‡",https://cn.wordpress.org/team,"Single Page Import"
"Blog Tool, Publishing Platform, and CMS &#124; WordPress.org Corsu",https://co.wordpress.org,"Single Page Import"
"Corsican Support Forums &#8211; WordPress.org Corsu",https://co.wordpress.org/support,"Single Page Import"
"Blog Tool, Publishing Platform, and CMS &#124; WordPress.org Kernewek",https://cor.wordpress.org,"Single Page Import"
"Wordpress  &#8211; Cornish Translation &#8211; WordPress.org Kernewek",https://cor.wordpress.org/team,"Single Page Import"
"BlogovacÃ­ nÃ¡stroj, platforma pro publikovÃ¡nÃ­ a CMS &#124; WordPress.org ÄŒesko",https://cs.wordpress.org,"Single Page Import"
"Czech Support Forums &#8211; WordPress.org ÄŒesko",https://cs.wordpress.org/support,"Single Page Import"
"ÄŒeskÃ½ tÃ½m &#8211; strÃ¡nka ÄeskÃ© komunity &#8211; WordPress.org ÄŒesko",https://cs.wordpress.org/team,"Single Page Import"
"Offeryn Blog, Llwyfan Cyhoeddi, a CMS &#124; WordPress.org Cymraeg",https://cy.wordpress.org,"Single Page Import"
"Welsh Team &#8211; WordPress.org Cymraeg",https://cy.wordpress.org/team,"Single Page Import"
"Blog Tool, Publishing Platform, and CMS &#124; WordPress.org Dansk",https://da.wordpress.org,"Single Page Import"
"Danish Support Forums &#8211; WordPress.org Dansk",https://da.wordpress.org/support,"Sitemap Import"
"Danske Team &#8211; Det danske WordPress fÃ¦llesskab",https://da.wordpress.org/team,"Single Page Import"
"Blog Tool, Publishing Platform, and CMS &#124; WordPress.org Deutsch (Ã–sterreich)",https://de-at.wordpress.org,"Single Page Import"
"Team Ã–sterreichisches Deutsch &#8211; WordPress.org Deutsch (Ã–sterreich)",https://de-at.wordpress.org/team,"Single Page Import"
"Blog Tool, Publishing Platform, and CMS &#124; WordPress.org Deutsch (Schweiz)",https://de-ch.wordpress.org,"Single Page Import"
"German (Switzerland) Team &#8211; WordPress.org Deutsch (Schweiz)",https://de-ch.wordpress.org/team,"Single Page Import"
"Blog-Tool, Publishing-Plattform und CMS &#124; WordPress.org Deutsch",https://de.wordpress.org,"Single Page Import"
"Support-Foren &#8211; WordPress.org Deutsch",https://de.wordpress.org/support,"Single Page Import"
Unreachable,https://de.wordpress.org/team-old,Unreachable
"Team DE &#8211; Team-Blog fÃ¼r die deutschsprachige WordPress-Community",https://de.wordpress.org/team,"Single Page Import"
Unreachable,https://deleted-s-origin.wordpress.org,Unreachable
"WordPress Developer Resources | Official WordPress Developer Resources | Developer.WordPress.org",https://developer.wordpress.org,"Sitemap Import"
"WordPress Developer Blog &#8211; A site for plugin and theme developers, freelancers, and agency developers",https://developer.wordpress.org/news,"Sitemap Import"
"BlogowaÅ„ski rÄ›d, wÃ³zjawjeÅ„ska platforma a CMS &#124; WordPress.org DolnoserbÅ¡Ä‡ina",https://dsb.wordpress.org,"Single Page Import"
"DolnoserbÅ¡Ä‡ina Team &#8211; WordPress.org DolnoserbÅ¡Ä‡ina",https://dsb.wordpress.org/team,"Single Page Import"
"Blog Tool, Publishing Platform, and CMS &#124; WordPress.org Dhivehi",https://dv.wordpress.org,"Single Page Import"
"Blog Tool, Publishing Platform, and CMS &#124; WordPress.org Dzongkha",https://dzo.wordpress.org,"Single Page Import"
"Dzongkha Support Forums &#8211; WordPress.org Dzongkha",https://dzo.wordpress.org/support,"Single Page Import"
"Î•ÏÎ³Î±Î»ÎµÎ¯Î¿ Î¹ÏƒÏ„Î¿Î»Î¿Î³Î¯Î¿Ï…, Ï€Î»Î±Ï„Ï†ÏŒÏÎ¼Î± Î´Î·Î¼Î¿ÏƒÎ¯ÎµÏ…ÏƒÎ·Ï‚ ÎºÎ±Î¹ CMS &#124; WordPress.org Î•Î»Î»Î·Î½Î¹ÎºÎ¬",https://el.wordpress.org,"Single Page Import"
"Î¦ÏŒÏÎ¿Ï…Î¼ Ï…Ï€Î¿ÏƒÏ„Î®ÏÎ¹Î¾Î·Ï‚ &#8211; WordPress.org Î•Î»Î»Î·Î½Î¹ÎºÎ¬",https://el.wordpress.org/support,"Sitemap Import"
"Greek Team &#8211; WordPress.org Î•Î»Î»Î·Î½Î¹ÎºÎ¬",https://el.wordpress.org/team,"Single Page Import"
"Blog Tool, Publishing Platform, and CMS &#124; WordPress.org ğŸŒğŸŒğŸŒ (Emoji)",https://emoji.wordpress.org,"Single Page Import"
"Emoji Forums &#8211; WordPress.org ğŸŒğŸŒğŸŒ (Emoji)",https://emoji.wordpress.org/support,"Single Page Import"
"Blog Tool, Publishing Platform, and CMS &#124; WordPress.org English (Australia)",https://en-au.wordpress.org,"Single Page Import"
"English (Australia) Team &#8211; WordPress.org English (Australia)",https://en-au.wordpress.org/team,"Single Page Import"
"Blog Tool, Publishing Platform, and CMS &#124; WordPress.org English (Canada)",https://en-ca.wordpress.org,"Single Page Import"
"English (Canada) Team &#8211; WordPress.org English (Canada)",https://en-ca.wordpress.org/team,"Single Page Import"
"Blog Tool, Publishing Platform, and CMS &#8211; WordPress.org English (UK)",https://en-gb.wordpress.org,"Single Page Import"
"WordPress UK Team P2",https://en-gb.wordpress.org/team,"Single Page Import"
"Blog Tool, Publishing Platform, and CMS &#124; WordPress.org English (New Zealand) ",https://en-nz.wordpress.org,"Single Page Import"
"English (New Zealand) Team &#8211; WordPress.org English (New Zealand) ",https://en-nz.wordpress.org/team,"Single Page Import"
"Blog Tool, Publishing Platform, and CMS &#124; WordPress.org English (South Africa)",https://en-za.wordpress.org,"Single Page Import"
"English (South Africa) Team &#8211; WordPress.org English (South Africa)",https://en-za.wordpress.org/team,"Single Page Import"
"Blog Tool, Publishing Platform, and CMS &#124; WordPress.org Esperanto",https://eo.wordpress.org,"Single Page Import"
"Esperanto Support Forums &#8211; WordPress.org Esperanto",https://eo.wordpress.org/support,"Single Page Import"
"Esperanto Team &#8211; WordPress.org Esperanto",https://eo.wordpress.org/team,"Single Page Import"
"Herramienta de blog, plataforma de publicaciÃ³n y CMS &#124; WordPress.org EspaÃ±ol (Argentina)",https://es-ar.wordpress.org,"Single Page Import"
"Foros de soporte &#8211; WordPress.org EspaÃ±ol (Argentina)",https://es-ar.wordpress.org/support,"Single Page Import"
"Spanish (Argentina) Team &#8211; WordPress.org EspaÃ±ol (Argentina)",https://es-ar.wordpress.org/team,"Single Page Import"
"Herramienta de blog, plataforma de publicaciÃ³n y CMS &#124; WordPress.org Colombia",https://es-co.wordpress.org,"Single Page Import"
"Blog Tool, Publishing Platform, and CMS &#124; WordPress.org EspaÃ±ol (Costa Rica)",https://es-cr.wordpress.org,"Single Page Import"
"Team EspaÃ±ol (Costa Rica) &#8211; WordPress.org EspaÃ±ol (Costa Rica)",https://es-cr.wordpress.org/team,"Single Page Import"
"Herramienta de blog, plataforma de publicaciÃ³n y CMS &#124; WordPress.org EspaÃ±ol de RepÃºblica Dominicana",https://es-do.wordpress.org,"Single Page Import"
"EspaÃ±ol de RepÃºblica Dominicana &#8211; WordPress.org EspaÃ±ol de RepÃºblica Dominicana",https://es-do.wordpress.org/team,"Single Page Import"
"Herramienta de blog, plataforma de publicaciÃ³n y CMS &#124; WordPress.org EspaÃ±ol (Ecuador)",https://es-ec.wordpress.org,"Single Page Import"
"EspaÃ±ol de Ecuador Team &#8211; WordPress.org EspaÃ±ol (Ecuador)",https://es-ec.wordpress.org/team,"Single Page Import"
"Blog Tool, Publishing Platform, and CMS &#124; WordPress.org EspaÃ±ol (Guatemala)",https://es-gt.wordpress.org,"Single Page Import"
"Comunidad WordPress Guatemala &#8211; Se parte de la comunidad de WordPress en Guatemala",https://es-gt.wordpress.org/team,"Single Page Import"
"Blog Tool, Publishing Platform, and CMS &#124; WordPress.org EspaÃ±ol de Honduras",https://es-hn.wordpress.org,"Single Page Import"
"EspaÃ±ol de Honduras &#8211; WordPress.org EspaÃ±ol de Honduras",https://es-hn.wordpress.org/team,"Single Page Import"
"Herramienta de Blog, Plataforma de PublicaciÃ³n y CMS &#124; WordPress.org EspaÃ±ol (MÃ©xico)",https://es-mx.wordpress.org,"Single Page Import"
